"Kod";"Nazwa";"grunty orne;ogółem;1999;[zł]";"grunty orne;ogółem;2000;[zł]";"grunty orne;ogółem;2001;[zł]";"grunty orne;ogółem;2002;[zł]";"grunty orne;ogółem;2003;[zł]";"grunty orne;ogółem;2004;[zł]";"grunty orne;ogółem;2005;[zł]";"grunty orne;ogółem;2006;[zł]";"grunty orne;ogółem;2007;[zł]";"grunty orne;ogółem;2008;[zł]";"grunty orne;ogółem;2009;[zł]";"grunty orne;ogółem;2010;[zł]";"grunty orne;ogółem;2011;[zł]";"grunty orne;ogółem;2012;[zł]";"grunty orne;ogółem;2013;[zł]";"grunty orne;ogółem;2014;[zł]";"grunty orne;ogółem;2015;[zł]";"grunty orne;ogółem;2016;[zł]";"grunty orne;ogółem;2017;[zł]";"grunty orne;ogółem;2018;[zł]";"grunty orne;ogółem;2019;[zł]";"grunty orne;ogółem;2020;[zł]";"grunty orne;w przeliczeniu na żyto w dt;1999;[dt]";"grunty orne;w przeliczeniu na żyto w dt;2000;[dt]";"grunty orne;w przeliczeniu na żyto w dt;2001;[dt]";"grunty orne;w przeliczeniu na żyto w dt;2002;[dt]";"grunty orne;w przeliczeniu na żyto w dt;2003;[dt]";"grunty orne;w przeliczeniu na żyto w dt;2004;[dt]";"grunty orne;w przeliczeniu na żyto w dt;2005;[dt]";"grunty orne;w przeliczeniu na żyto w dt;2006;[dt]";"grunty orne;w przeliczeniu na żyto w dt;2007;[dt]";"grunty orne;w przeliczeniu na żyto w dt;2008;[dt]";"grunty orne;w przeliczeniu na żyto w dt;2009;[dt]";"grunty orne;w przeliczeniu na żyto w dt;2010;[dt]";"grunty orne;w przeliczeniu na żyto w dt;2011;[dt]";"grunty orne;w przeliczeniu na żyto w dt;2012;[dt]";"grunty orne;w przeliczeniu na żyto w dt;2013;[dt]";"grunty orne;w przeliczeniu na żyto w dt;2014;[dt]";"grunty orne;w przeliczeniu na żyto w dt;2015;[dt]";"grunty orne;w przeliczeniu na żyto w dt;2016;[dt]";"grunty orne;w przeliczeniu na żyto w dt;2017;[dt]";"grunty orne;w przeliczeniu na żyto w dt;2018;[dt]";"grunty orne;w przeliczeniu na żyto w dt;2019;[dt]";"grunty orne;w przeliczeniu na żyto w dt;2020;[dt]";"grunty orne;w przeliczeniu na żywiec rzeźny wieprzowy w dt;1999;[dt]";"grunty orne;w przeliczeniu na żywiec rzeźny wieprzowy w dt;2000;[dt]";"grunty orne;w przeliczeniu na żywiec rzeźny wieprzowy w dt;2001;[dt]";"grunty orne;w przeliczeniu na żywiec rzeźny wieprzowy w dt;2002;[dt]";"grunty orne;w przeliczeniu na żywiec rzeźny wieprzowy w dt;2003;[dt]";"grunty orne;w przeliczeniu na żywiec rzeźny wieprzowy w dt;2004;[dt]";"grunty orne;w przeliczeniu na żywiec rzeźny wieprzowy w dt;2005;[dt]";"grunty orne;w przeliczeniu na żywiec rzeźny wieprzowy w dt;2006;[dt]";"grunty orne;w przeliczeniu na żywiec rzeźny wieprzowy w dt;2007;[dt]";"grunty orne;w przeliczeniu na żywiec rzeźny wieprzowy w dt;2008;[dt]";"grunty orne;w przeliczeniu na żywiec rzeźny wieprzowy w dt;2009;[dt]";"grunty orne;w przeliczeniu na żywiec rzeźny wieprzowy w dt;2010;[dt]";"grunty orne;w przeliczeniu na żywiec rzeźny wieprzowy w dt;2011;[dt]";"grunty orne;w przeliczeniu na żywiec rzeźny wieprzowy w dt;2012;[dt]";"grunty orne;w przeliczeniu na żywiec rzeźny wieprzowy w dt;2013;[dt]";"grunty orne;w przeliczeniu na żywiec rzeźny wieprzowy w dt;2014;[dt]";"grunty orne;w przeliczeniu na żywiec rzeźny wieprzowy w dt;2015;[dt]";"grunty orne;w przeliczeniu na żywiec rzeźny wieprzowy w dt;2016;[dt]";"grunty orne;w przeliczeniu na żywiec rzeźny wieprzowy w dt;2017;[dt]";"grunty orne;w przeliczeniu na żywiec rzeźny wieprzowy w dt;2018;[dt]";"grunty orne;w przeliczeniu na żywiec rzeźny wieprzowy w dt;2019;[dt]";"grunty orne;w przeliczeniu na żywiec rzeźny wieprzowy w dt;2020;[dt]";"grunty dobre (pszenno-buraczane);ogółem;1999;[zł]";"grunty dobre (pszenno-buraczane);ogółem;2000;[zł]";"grunty dobre (pszenno-buraczane);ogółem;2001;[zł]";"grunty dobre (pszenno-buraczane);ogółem;2002;[zł]";"grunty dobre (pszenno-buraczane);ogółem;2003;[zł]";"grunty dobre (pszenno-buraczane);ogółem;2004;[zł]";"grunty dobre (pszenno-buraczane);ogółem;2005;[zł]";"grunty dobre (pszenno-buraczane);ogółem;2006;[zł]";"grunty dobre (pszenno-buraczane);ogółem;2007;[zł]";"grunty dobre (pszenno-buraczane);ogółem;2008;[zł]";"grunty dobre (pszenno-buraczane);ogółem;2009;[zł]";"grunty dobre (pszenno-buraczane);ogółem;2010;[zł]";"grunty dobre (pszenno-buraczane);ogółem;2011;[zł]";"grunty dobre (pszenno-buraczane);ogółem;2012;[zł]";"grunty dobre (pszenno-buraczane);ogółem;2013;[zł]";"grunty dobre (pszenno-buraczane);ogółem;2014;[zł]";"grunty dobre (pszenno-buraczane);ogółem;2015;[zł]";"grunty dobre (pszenno-buraczane);ogółem;2016;[zł]";"grunty dobre (pszenno-buraczane);ogółem;2017;[zł]";"grunty dobre (pszenno-buraczane);ogółem;2018;[zł]";"grunty dobre (pszenno-buraczane);ogółem;2019;[zł]";"grunty dobre (pszenno-buraczane);ogółem;2020;[zł]";"grunty dobre (pszenno-buraczane);w przeliczeniu na żyto w dt;1999;[dt]";"grunty dobre (pszenno-buraczane);w przeliczeniu na żyto w dt;2000;[dt]";"grunty dobre (pszenno-buraczane);w przeliczeniu na żyto w dt;2001;[dt]";"grunty dobre (pszenno-buraczane);w przeliczeniu na żyto w dt;2002;[dt]";"grunty dobre (pszenno-buraczane);w przeliczeniu na żyto w dt;2003;[dt]";"grunty dobre (pszenno-buraczane);w przeliczeniu na żyto w dt;2004;[dt]";"grunty dobre (pszenno-buraczane);w przeliczeniu na żyto w dt;2005;[dt]";"grunty dobre (pszenno-buraczane);w przeliczeniu na żyto w dt;2006;[dt]";"grunty dobre (pszenno-buraczane);w przeliczeniu na żyto w dt;2007;[dt]";"grunty dobre (pszenno-buraczane);w przeliczeniu na żyto w dt;2008;[dt]";"grunty dobre (pszenno-buraczane);w przeliczeniu na żyto w dt;2009;[dt]";"grunty dobre (pszenno-buraczane);w przeliczeniu na żyto w dt;2010;[dt]";"grunty dobre (pszenno-buraczane);w przeliczeniu na żyto w dt;2011;[dt]";"grunty dobre (pszenno-buraczane);w przeliczeniu na żyto w dt;2012;[dt]";"grunty dobre (pszenno-buraczane);w przeliczeniu na żyto w dt;2013;[dt]";"grunty dobre (pszenno-buraczane);w przeliczeniu na żyto w dt;2014;[dt]";"grunty dobre (pszenno-buraczane);w przeliczeniu na żyto w dt;2015;[dt]";"grunty dobre (pszenno-buraczane);w przeliczeniu na żyto w dt;2016;[dt]";"grunty dobre (pszenno-buraczane);w przeliczeniu na żyto w dt;2017;[dt]";"grunty dobre (pszenno-buraczane);w przeliczeniu na żyto w dt;2018;[dt]";"grunty dobre (pszenno-buraczane);w przeliczeniu na żyto w dt;2019;[dt]";"grunty dobre (pszenno-buraczane);w przeliczeniu na żyto w dt;2020;[dt]";"grunty dobre (pszenno-buraczane);w przeliczeniu na żywiec rzeźny wieprzowy w dt;1999;[dt]";"grunty dobre (pszenno-buraczane);w przeliczeniu na żywiec rzeźny wieprzowy w dt;2000;[dt]";"grunty dobre (pszenno-buraczane);w przeliczeniu na żywiec rzeźny wieprzowy w dt;2001;[dt]";"grunty dobre (pszenno-buraczane);w przeliczeniu na żywiec rzeźny wieprzowy w dt;2002;[dt]";"grunty dobre (pszenno-buraczane);w przeliczeniu na żywiec rzeźny wieprzowy w dt;2003;[dt]";"grunty dobre (pszenno-buraczane);w przeliczeniu na żywiec rzeźny wieprzowy w dt;2004;[dt]";"grunty dobre (pszenno-buraczane);w przeliczeniu na żywiec rzeźny wieprzowy w dt;2005;[dt]";"grunty dobre (pszenno-buraczane);w przeliczeniu na żywiec rzeźny wieprzowy w dt;2006;[dt]";"grunty dobre (pszenno-buraczane);w przeliczeniu na żywiec rzeźny wieprzowy w dt;2007;[dt]";"grunty dobre (pszenno-buraczane);w przeliczeniu na żywiec rzeźny wieprzowy w dt;2008;[dt]";"grunty dobre (pszenno-buraczane);w przeliczeniu na żywiec rzeźny wieprzowy w dt;2009;[dt]";"grunty dobre (pszenno-buraczane);w przeliczeniu na żywiec rzeźny wieprzowy w dt;2010;[dt]";"grunty dobre (pszenno-buraczane);w przeliczeniu na żywiec rzeźny wieprzowy w dt;2011;[dt]";"grunty dobre (pszenno-buraczane);w przeliczeniu na żywiec rzeźny wieprzowy w dt;2012;[dt]";"grunty dobre (pszenno-buraczane);w przeliczeniu na żywiec rzeźny wieprzowy w dt;2013;[dt]";"grunty dobre (pszenno-buraczane);w przeliczeniu na żywiec rzeźny wieprzowy w dt;2014;[dt]";"grunty dobre (pszenno-buraczane);w przeliczeniu na żywiec rzeźny wieprzowy w dt;2015;[dt]";"grunty dobre (pszenno-buraczane);w przeliczeniu na żywiec rzeźny wieprzowy w dt;2016;[dt]";"grunty dobre (pszenno-buraczane);w przeliczeniu na żywiec rzeźny wieprzowy w dt;2017;[dt]";"grunty dobre (pszenno-buraczane);w przeliczeniu na żywiec rzeźny wieprzowy w dt;2018;[dt]";"grunty dobre (pszenno-buraczane);w przeliczeniu na żywiec rzeźny wieprzowy w dt;2019;[dt]";"grunty dobre (pszenno-buraczane);w przeliczeniu na żywiec rzeźny wieprzowy w dt;2020;[dt]";"grunty średnie (żytnio-ziemniaczane);ogółem;1999;[zł]";"grunty średnie (żytnio-ziemniaczane);ogółem;2000;[zł]";"grunty średnie (żytnio-ziemniaczane);ogółem;2001;[zł]";"grunty średnie (żytnio-ziemniaczane);ogółem;2002;[zł]";"grunty średnie (żytnio-ziemniaczane);ogółem;2003;[zł]";"grunty średnie (żytnio-ziemniaczane);ogółem;2004;[zł]";"grunty średnie (żytnio-ziemniaczane);ogółem;2005;[zł]";"grunty średnie (żytnio-ziemniaczane);ogółem;2006;[zł]";"grunty średnie (żytnio-ziemniaczane);ogółem;2007;[zł]";"grunty średnie (żytnio-ziemniaczane);ogółem;2008;[zł]";"grunty średnie (żytnio-ziemniaczane);ogółem;2009;[zł]";"grunty średnie (żytnio-ziemniaczane);ogółem;2010;[zł]";"grunty średnie (żytnio-ziemniaczane);ogółem;2011;[zł]";"grunty średnie (żytnio-ziemniaczane);ogółem;2012;[zł]";"grunty średnie (żytnio-ziemniaczane);ogółem;2013;[zł]";"grunty średnie (żytnio-ziemniaczane);ogółem;2014;[zł]";"grunty średnie (żytnio-ziemniaczane);ogółem;2015;[zł]";"grunty średnie (żytnio-ziemniaczane);ogółem;2016;[zł]";"grunty średnie (żytnio-ziemniaczane);ogółem;2017;[zł]";"grunty średnie (żytnio-ziemniaczane);ogółem;2018;[zł]";"grunty średnie (żytnio-ziemniaczane);ogółem;2019;[zł]";"grunty średnie (żytnio-ziemniaczane);ogółem;2020;[zł]";"grunty średnie (żytnio-ziemniaczane);w przeliczeniu na żyto w dt;1999;[dt]";"grunty średnie (żytnio-ziemniaczane);w przeliczeniu na żyto w dt;2000;[dt]";"grunty średnie (żytnio-ziemniaczane);w przeliczeniu na żyto w dt;2001;[dt]";"grunty średnie (żytnio-ziemniaczane);w przeliczeniu na żyto w dt;2002;[dt]";"grunty średnie (żytnio-ziemniaczane);w przeliczeniu na żyto w dt;2003;[dt]";"grunty średnie (żytnio-ziemniaczane);w przeliczeniu na żyto w dt;2004;[dt]";"grunty średnie (żytnio-ziemniaczane);w przeliczeniu na żyto w dt;2005;[dt]";"grunty średnie (żytnio-ziemniaczane);w przeliczeniu na żyto w dt;2006;[dt]";"grunty średnie (żytnio-ziemniaczane);w przeliczeniu na żyto w dt;2007;[dt]";"grunty średnie (żytnio-ziemniaczane);w przeliczeniu na żyto w dt;2008;[dt]";"grunty średnie (żytnio-ziemniaczane);w przeliczeniu na żyto w dt;2009;[dt]";"grunty średnie (żytnio-ziemniaczane);w przeliczeniu na żyto w dt;2010;[dt]";"grunty średnie (żytnio-ziemniaczane);w przeliczeniu na żyto w dt;2011;[dt]";"grunty średnie (żytnio-ziemniaczane);w przeliczeniu na żyto w dt;2012;[dt]";"grunty średnie (żytnio-ziemniaczane);w przeliczeniu na żyto w dt;2013;[dt]";"grunty średnie (żytnio-ziemniaczane);w przeliczeniu na żyto w dt;2014;[dt]";"grunty średnie (żytnio-ziemniaczane);w przeliczeniu na żyto w dt;2015;[dt]";"grunty średnie (żytnio-ziemniaczane);w przeliczeniu na żyto w dt;2016;[dt]";"grunty średnie (żytnio-ziemniaczane);w przeliczeniu na żyto w dt;2017;[dt]";"grunty średnie (żytnio-ziemniaczane);w przeliczeniu na żyto w dt;2018;[dt]";"grunty średnie (żytnio-ziemniaczane);w przeliczeniu na żyto w dt;2019;[dt]";"grunty średnie (żytnio-ziemniaczane);w przeliczeniu na żyto w dt;2020;[dt]";"grunty średnie (żytnio-ziemniaczane);w przeliczeniu na żywiec rzeźny wieprzowy w dt;1999;[dt]";"grunty średnie (żytnio-ziemniaczane);w przeliczeniu na żywiec rzeźny wieprzowy w dt;2000;[dt]";"grunty średnie (żytnio-ziemniaczane);w przeliczeniu na żywiec rzeźny wieprzowy w dt;2001;[dt]";"grunty średnie (żytnio-ziemniaczane);w przeliczeniu na żywiec rzeźny wieprzowy w dt;2002;[dt]";"grunty średnie (żytnio-ziemniaczane);w przeliczeniu na żywiec rzeźny wieprzowy w dt;2003;[dt]";"grunty średnie (żytnio-ziemniaczane);w przeliczeniu na żywiec rzeźny wieprzowy w dt;2004;[dt]";"grunty średnie (żytnio-ziemniaczane);w przeliczeniu na żywiec rzeźny wieprzowy w dt;2005;[dt]";"grunty średnie (żytnio-ziemniaczane);w przeliczeniu na żywiec rzeźny wieprzowy w dt;2006;[dt]";"grunty średnie (żytnio-ziemniaczane);w przeliczeniu na żywiec rzeźny wieprzowy w dt;2007;[dt]";"grunty średnie (żytnio-ziemniaczane);w przeliczeniu na żywiec rzeźny wieprzowy w dt;2008;[dt]";"grunty średnie (żytnio-ziemniaczane);w przeliczeniu na żywiec rzeźny wieprzowy w dt;2009;[dt]";"grunty średnie (żytnio-ziemniaczane);w przeliczeniu na żywiec rzeźny wieprzowy w dt;2010;[dt]";"grunty średnie (żytnio-ziemniaczane);w przeliczeniu na żywiec rzeźny wieprzowy w dt;2011;[dt]";"grunty średnie (żytnio-ziemniaczane);w przeliczeniu na żywiec rzeźny wieprzowy w dt;2012;[dt]";"grunty średnie (żytnio-ziemniaczane);w przeliczeniu na żywiec rzeźny wieprzowy w dt;2013;[dt]";"grunty średnie (żytnio-ziemniaczane);w przeliczeniu na żywiec rzeźny wieprzowy w dt;2014;[dt]";"grunty średnie (żytnio-ziemniaczane);w przeliczeniu na żywiec rzeźny wieprzowy w dt;2015;[dt]";"grunty średnie (żytnio-ziemniaczane);w przeliczeniu na żywiec rzeźny wieprzowy w dt;2016;[dt]";"grunty średnie (żytnio-ziemniaczane);w przeliczeniu na żywiec rzeźny wieprzowy w dt;2017;[dt]";"grunty średnie (żytnio-ziemniaczane);w przeliczeniu na żywiec rzeźny wieprzowy w dt;2018;[dt]";"grunty średnie (żytnio-ziemniaczane);w przeliczeniu na żywiec rzeźny wieprzowy w dt;2019;[dt]";"grunty średnie (żytnio-ziemniaczane);w przeliczeniu na żywiec rzeźny wieprzowy w dt;2020;[dt]";"grunty słabe (piaszczyste);ogółem;1999;[zł]";"grunty słabe (piaszczyste);ogółem;2000;[zł]";"grunty słabe (piaszczyste);ogółem;2001;[zł]";"grunty słabe (piaszczyste);ogółem;2002;[zł]";"grunty słabe (piaszczyste);ogółem;2003;[zł]";"grunty słabe (piaszczyste);ogółem;2004;[zł]";"grunty słabe (piaszczyste);ogółem;2005;[zł]";"grunty słabe (piaszczyste);ogółem;2006;[zł]";"grunty słabe (piaszczyste);ogółem;2007;[zł]";"grunty słabe (piaszczyste);ogółem;2008;[zł]";"grunty słabe (piaszczyste);ogółem;2009;[zł]";"grunty słabe (piaszczyste);ogółem;2010;[zł]";"grunty słabe (piaszczyste);ogółem;2011;[zł]";"grunty słabe (piaszczyste);ogółem;2012;[zł]";"grunty słabe (piaszczyste);ogółem;2013;[zł]";"grunty słabe (piaszczyste);ogółem;2014;[zł]";"grunty słabe (piaszczyste);ogółem;2015;[zł]";"grunty słabe (piaszczyste);ogółem;2016;[zł]";"grunty słabe (piaszczyste);ogółem;2017;[zł]";"grunty słabe (piaszczyste);ogółem;2018;[zł]";"grunty słabe (piaszczyste);ogółem;2019;[zł]";"grunty słabe (piaszczyste);ogółem;2020;[zł]";"grunty słabe (piaszczyste);w przeliczeniu na żyto w dt;1999;[dt]";"grunty słabe (piaszczyste);w przeliczeniu na żyto w dt;2000;[dt]";"grunty słabe (piaszczyste);w przeliczeniu na żyto w dt;2001;[dt]";"grunty słabe (piaszczyste);w przeliczeniu na żyto w dt;2002;[dt]";"grunty słabe (piaszczyste);w przeliczeniu na żyto w dt;2003;[dt]";"grunty słabe (piaszczyste);w przeliczeniu na żyto w dt;2004;[dt]";"grunty słabe (piaszczyste);w przeliczeniu na żyto w dt;2005;[dt]";"grunty słabe (piaszczyste);w przeliczeniu na żyto w dt;2006;[dt]";"grunty słabe (piaszczyste);w przeliczeniu na żyto w dt;2007;[dt]";"grunty słabe (piaszczyste);w przeliczeniu na żyto w dt;2008;[dt]";"grunty słabe (piaszczyste);w przeliczeniu na żyto w dt;2009;[dt]";"grunty słabe (piaszczyste);w przeliczeniu na żyto w dt;2010;[dt]";"grunty słabe (piaszczyste);w przeliczeniu na żyto w dt;2011;[dt]";"grunty słabe (piaszczyste);w przeliczeniu na żyto w dt;2012;[dt]";"grunty słabe (piaszczyste);w przeliczeniu na żyto w dt;2013;[dt]";"grunty słabe (piaszczyste);w przeliczeniu na żyto w dt;2014;[dt]";"grunty słabe (piaszczyste);w przeliczeniu na żyto w dt;2015;[dt]";"grunty słabe (piaszczyste);w przeliczeniu na żyto w dt;2016;[dt]";"grunty słabe (piaszczyste);w przeliczeniu na żyto w dt;2017;[dt]";"grunty słabe (piaszczyste);w przeliczeniu na żyto w dt;2018;[dt]";"grunty słabe (piaszczyste);w przeliczeniu na żyto w dt;2019;[dt]";"grunty słabe (piaszczyste);w przeliczeniu na żyto w dt;2020;[dt]";"grunty słabe (piaszczyste);w przeliczeniu na żywiec rzeźny wieprzowy w dt;1999;[dt]";"grunty słabe (piaszczyste);w przeliczeniu na żywiec rzeźny wieprzowy w dt;2000;[dt]";"grunty słabe (piaszczyste);w przeliczeniu na żywiec rzeźny wieprzowy w dt;2001;[dt]";"grunty słabe (piaszczyste);w przeliczeniu na żywiec rzeźny wieprzowy w dt;2002;[dt]";"grunty słabe (piaszczyste);w przeliczeniu na żywiec rzeźny wieprzowy w dt;2003;[dt]";"grunty słabe (piaszczyste);w przeliczeniu na żywiec rzeźny wieprzowy w dt;2004;[dt]";"grunty słabe (piaszczyste);w przeliczeniu na żywiec rzeźny wieprzowy w dt;2005;[dt]";"grunty słabe (piaszczyste);w przeliczeniu na żywiec rzeźny wieprzowy w dt;2006;[dt]";"grunty słabe (piaszczyste);w przeliczeniu na żywiec rzeźny wieprzowy w dt;2007;[dt]";"grunty słabe (piaszczyste);w przeliczeniu na żywiec rzeźny wieprzowy w dt;2008;[dt]";"grunty słabe (piaszczyste);w przeliczeniu na żywiec rzeźny wieprzowy w dt;2009;[dt]";"grunty słabe (piaszczyste);w przeliczeniu na żywiec rzeźny wieprzowy w dt;2010;[dt]";"grunty słabe (piaszczyste);w przeliczeniu na żywiec rzeźny wieprzowy w dt;2011;[dt]";"grunty słabe (piaszczyste);w przeliczeniu na żywiec rzeźny wieprzowy w dt;2012;[dt]";"grunty słabe (piaszczyste);w przeliczeniu na żywiec rzeźny wieprzowy w dt;2013;[dt]";"grunty słabe (piaszczyste);w przeliczeniu na żywiec rzeźny wieprzowy w dt;2014;[dt]";"grunty słabe (piaszczyste);w przeliczeniu na żywiec rzeźny wieprzowy w dt;2015;[dt]";"grunty słabe (piaszczyste);w przeliczeniu na żywiec rzeźny wieprzowy w dt;2016;[dt]";"grunty słabe (piaszczyste);w przeliczeniu na żywiec rzeźny wieprzowy w dt;2017;[dt]";"grunty słabe (piaszczyste);w przeliczeniu na żywiec rzeźny wieprzowy w dt;2018;[dt]";"grunty słabe (piaszczyste);w przeliczeniu na żywiec rzeźny wieprzowy w dt;2019;[dt]";"grunty słabe (piaszczyste);w przeliczeniu na żywiec rzeźny wieprzowy w dt;2020;[dt]";
0000000;"POLSKA";4390;4786;5197;5042;5753;6634;8244;9290;12134;15388;17042;18037;20004;25441,5;26339,0;32317,2;38579,0;39631,0;41287,0;44381,0;47233,0;47589;134,8;115,3;123,5;135,8;142,2;149,4;237,8;222,7;183,7;221,7;245,5;371,3;253,9;314,7;361,4;505,7;657,6;668,0;653,0;661,4;642,7;0,0;14,7;13,3;12,2;13,8;18,2;16,5;21,1;25,7;33,8;37,9;37,8;47,1;43,2;47,6;49,1;65,4;85,0;86,0;79,9;89,7;83,0;0,0;6182;6712;7308;7111;7960;9040;11001;12126;15325;18747;20809;21553;23911;32102,1;32272,7;42538,0;51982,0;51987,0;52578,0;55487,0;58256,0;59797;189,8;161,7;173,7;191,5;196,7;203,6;317,3;290,6;232,0;270,1;299,8;443,7;303,5;397,1;442,8;665,6;886,0;876,2;831,5;826,9;792,7;0,0;20,7;18,6;17,2;19,5;25,2;22,5;28,1;33,6;42,7;46,2;46,1;56,3;51,6;60,0;60,2;86,1;114,5;112,8;101,7;112,1;102,4;0,0;4527;4920;5315;5032;5801;6667;8603;9712;12654;16096;17726;18841;20806;25659,5;26973,3;32751,0;39149,0;40265,0;42198,0;45621,0;48703,0;49206;139,0;118,5;126,3;135,5;143,4;150,2;248,1;232,8;191,6;231,9;255,4;387,8;264,1;317,4;370,1;512,5;667,3;678,7;667,4;679,9;662,7;0,0;15,2;13,7;12,5;13,8;18,4;16,6;22,0;26,9;35,2;39,6;39,3;49,2;44,9;48,0;50,3;66,3;86,2;87,3;81,6;92,2;85,6;0,0;2460;2725;2969;2984;3497;4194;5843;6917;9228;12222;13561;14800;16401;19096,0;20186,7;23460,0;26957,0;27659,0;29279,0;31663,0;34625,0;34692;75,5;65,6;70,6;80,4;86,4;94,5;168,5;165,8;139,7;176,1;195,4;304,7;208,2;236,2;276,9;367,1;459,5;466,2;463,1;471,9;471,2;0,0;8,3;7,6;7,0;8,2;11,1;10,5;14,9;19,2;25,7;30,1;30,1;38,6;35,4;35,7;37,7;47,5;59,4;60,0;56,6;64,0;60,9;0,0;
0200000;"DOLNOŚLĄSKIE";3735;3940;4319;4062;4868;4875;6941;7975;11588;14668;17223;18547;20055;22448,1;27801,5;32397,3;36023,7;35798,0;36591,0;36498,0;37104,0;39320;116,9;98,4;103,6;108,6;122,1;111,3;166,6;179,4;169,3;161,0;189,0;266,9;0,0;0,0;0,0;0,0;514,6;584,5;501,6;427,0;0,0;0,0;12,5;11,1;10,3;11,0;15,1;12,3;0,0;0,0;0,0;0,0;0,0;0,0;0,0;0,0;0,0;0,0;0,0;0,0;0,0;0,0;0,0;0,0;4498;4983;5598;5308;5956;6571;9159;10473;14872;18200;21599;23352;24683;29135,0;35373,7;42106,0;50570,0;46828,0;47622,0;46941,0;46197,0;46485;140,8;124,5;134,2;142,0;149,4;150,1;219,8;235,6;217,3;199,8;237,1;336,0;0,0;0,0;0,0;0,0;722,4;764,5;652,8;549,1;0,0;0,0;15,0;14,1;13,4;14,4;18,4;16,6;0,0;0,0;0,0;0,0;0,0;0,0;0,0;0,0;0,0;0,0;0,0;0,0;0,0;0,0;0,0;0,0;3972;4049;4378;3993;5158;4861;6927;8111;11275;14776;17461;18936;20641;21501,4;26660,7;31864,0;34642,0;35748,0;36422,0;35946,0;36458,0;39211;124,4;101,1;105,0;106,8;129,4;111,0;166,2;182,5;164,7;162,2;191,6;272,5;0,0;0,0;0,0;0,0;494,9;583,6;499,3;420,5;0,0;0,0;13,2;11,4;10,5;10,9;16,0;12,2;0,0;0,0;0,0;0,0;0,0;0,0;0,0;0,0;0,0;0,0;0,0;0,0;0,0;0,0;0,0;0,0;2734;2786;2980;2886;3489;3194;4600;5207;7477;9963;10934;12862;15683;16591,4;19408,3;23903,0;27431,0;26598,0;26295,0;28533,0;29213,0;32731;85,6;69,6;71,5;77,2;87,5;72,9;110,4;117,1;109,2;109,3;120,0;185,1;0,0;0,0;0,0;0,0;391,9;434,3;360,5;333,8;0,0;0,0;9,1;7,9;7,1;7,8;10,8;8,0;0,0;0,0;0,0;0,0;0,0;0,0;0,0;0,0;0,0;0,0;0,0;0,0;0,0;0,0;0,0;0,0;
0400000;"KUJAWSKO-POMORSKIE";5053;5385;5744;5587;6519;7721;12209;14360;19087;25178;25272;26342;28226;32994,6;36377,1;44389,3;53511,9;54320,0;55784,0;56070,0;56048,0;55727;160,9;127,7;133,3;151,5;157,2;172,0;386,2;316,2;319,0;344,7;346,0;487,6;387,9;425,3;575,8;775,5;1022,0;914,8;919,6;921,1;819,7;0,0;17,3;15,0;13,4;15,6;20,9;19,1;29,9;39,0;61,0;68,6;0,0;0,0;0,0;0,0;0,0;0,0;0,0;0,0;0,0;0,0;0,0;0,0;7449;7747;8260;8007;9465;11230;15752;17854;22879;29534;29789;30349;33633;41235,0;43596,7;53841,0;65867,0;67642,0;66686,0;67672,0;69072,0;68387;237,2;183,7;191,7;217,1;228,3;250,2;498,3;393,2;382,3;404,3;407,8;561,8;462,2;531,5;690,0;940,6;1258,0;1139,1;1099,3;1111,7;1010,1;0,0;25,5;21,6;19,3;22,4;30,3;27,7;38,5;48,5;73,1;80,5;0,0;0,0;0,0;0,0;0,0;0,0;0,0;0,0;0,0;0,0;0,0;0,0;5201;5602;5971;5664;6332;7580;12665;14692;19350;25960;26023;27458;29663;32285,9;36169,7;43458,0;52594,0;53097,0;55657,0;55442,0;55742,0;55310;165,6;132,8;138,6;153,5;152,7;168,9;400,7;323,5;323,4;355,4;356,2;508,3;407,6;416,2;572,5;759,2;1004,5;894,2;917,5;910,8;815,2;0,0;17,8;15,6;14,0;15,9;20,3;18,7;31,0;39,9;61,8;70,7;0,0;0,0;0,0;0,0;0,0;0,0;0,0;0,0;0,0;0,0;0,0;0,0;2510;2808;3002;3089;3760;4354;8557;10779;15051;20058;19762;21678;22377;22884,5;27968,0;32800,0;36717,0;36786,0;37706,0;40617,0;42913,0;40484;79,9;66,6;69,7;83,7;90,7;97,0;270,7;237,4;251,5;274,6;270,5;401,3;307,5;295,0;442,7;573,0;701,2;619,5;621,6;667,3;627,6;0,0;8,6;7,8;7,0;8,7;12,1;10,8;20,9;29,3;48,1;54,7;0,0;0,0;0,0;0,0;0,0;0,0;0,0;0,0;0,0;0,0;0,0;0,0;
0600000;"LUBELSKIE";3968;4187;4478;4155;4963;5386;6361;7153;8881;10502;11987;12609;14491;17849,3;18140,0;23317,8;26331,1;28004,0;30680,0;31519,0;35016,0;35492;126,0;104,4;113,6;121,0;129,2;128,2;226,6;200,4;143,5;165,0;188,4;297,7;198,6;250,6;264,2;404,9;500,0;514,5;509,1;517,2;524,2;0,0;13,9;11,7;10,6;11,6;16,3;13,6;15,8;0,0;0,0;0,0;0,0;0,0;0,0;0,0;0,0;0,0;0,0;0,0;0,0;0,0;0,0;0,0;5670;6040;6446;6019;6892;7633;8705;9670;11847;13290;15398;16279;19477;24563,2;23048,1;32980,0;39685,0;40650,0;43869,0;47067,0;51647,0;54481;180,1;150,6;163,5;175,2;179,4;181,7;310,1;270,9;191,4;208,9;242,0;384,3;266,9;344,8;335,7;572,7;753,6;746,8;728,0;772,3;773,2;0,0;19,8;16,8;15,2;16,8;22,7;19,3;21,7;0,0;0,0;0,0;0,0;0,0;0,0;0,0;0,0;0,0;0,0;0,0;0,0;0,0;0,0;0,0;4135;4218;4482;4089;4984;5290;6506;7207;8684;10457;11746;12570;14629;16855,8;18132,3;23372,0;26022,0;27198,0;30297,0;31090,0;34076,0;35785;131,3;105,2;113,7;119,0;129,8;126,0;231,8;201,9;140,3;164,3;184,6;296,7;200,4;236,6;264,1;405,8;494,2;499,7;502,8;510,2;510,1;0,0;14,5;11,7;10,6;11,4;16,4;13,4;16,2;0,0;0,0;0,0;0,0;0,0;0,0;0,0;0,0;0,0;0,0;0,0;0,0;0,0;0,0;0,0;2099;2302;2506;2356;3013;3235;4217;5164;6310;7826;9402;9542;10485;12470,1;13009,1;16300,0;17154,0;18173,0;19315,0;20715,0;23373,0;23898;66,7;57,4;63,6;68,6;78,4;77,0;150,2;144,7;102,0;123,0;147,8;225,3;143,7;175,0;189,5;283,0;325,8;333,9;320,5;339,9;349,9;0,0;7,3;6,4;5,9;6,6;9,9;8,2;10,5;0,0;0,0;0,0;0,0;0,0;0,0;0,0;0,0;0,0;0,0;0,0;0,0;0,0;0,0;0,0;
0800000;"LUBUSKIE";2606;2959;3160;2950;3092;3561;4364;4771;6321;7924;9490;10050;12250;14314,3;17311,9;21722,8;24572,8;27247,0;28800,0;28758,0;30472,0;30303;80,7;71,6;71,3;75,4;73,9;78,1;90,9;88,9;82,8;82,1;98,3;129,1;134,8;160,8;202,6;317,9;441,2;481,1;499,1;430,3;356,4;0,0;8,4;8,1;7,4;7,7;9,2;8,9;10,9;11,6;13,4;21,6;23,7;0,0;0,0;0,0;0,0;0,0;0,0;0,0;55,3;0,0;59,4;0,0;3518;3894;4170;3835;4156;4733;5809;5938;7485;9300;11015;11386;13707;17600,9;20717,3;26398,0;32324,0;36900,0;41961,0;34194,0;33941,0;40000;108,9;94,3;94,1;98,0;99,3;103,8;121,0;110,6;98,1;96,3;114,1;146,3;150,8;197,7;242,4;386,3;580,4;651,6;727,2;511,7;396,9;0,0;11,3;10,6;9,8;10,0;12,4;11,8;14,6;14,5;15,9;25,3;27,5;0,0;0,0;0,0;0,0;0,0;0,0;0,0;80,5;0,0;66,2;0,0;2651;3037;3236;2987;3077;3593;4632;5163;6790;8322;10082;10759;12885;15060,7;18143,3;22812,0;25877,0;28580,0;30347,0;30492,0;32819,0;31174;82,1;73,5;73,0;76,3;73,5;78,8;96,5;96,2;89,0;86,2;104,4;138,3;141,8;169,2;212,3;333,8;464,7;504,7;525,9;456,3;383,8;0,0;8,5;8,3;7,6;7,8;9,2;9,0;11,6;12,6;14,4;22,7;25,2;0,0;0,0;0,0;0,0;0,0;0,0;0,0;58,2;0,0;64,0;0,0;1648;1944;2075;2028;2043;2358;3082;3535;5061;6636;7962;8571;10533;11777,0;14404,3;18634,0;21085,0;23690,0;24100,0;25494,0;27123,0;28245;51,0;47,1;46,8;51,8;48,8;51,7;64,2;65,9;66,3;68,7;82,5;110,1;115,9;132,3;168,5;272,7;378,6;418,3;417,7;381,5;317,2;0,0;5,3;5,3;4,9;5,3;6,1;5,9;7,7;8,6;10,7;18,1;19,9;0,0;0,0;0,0;0,0;0,0;0,0;0,0;46,3;0,0;52,9;0,0;
1000000;"ŁÓDZKIE";3839;4221;4684;4711;5339;6820;8982;9776;11986;15160;16150;17130;18865;23870,5;25811,4;30137,1;34322,9;36104,0;36074,0;38014,0;41253,0;41814;125,2;101,7;111,5;131,8;133,1;154,6;266,5;231,6;174,8;219,6;234,0;377,6;242,3;281,6;364,8;493,9;599,1;620,5;593,1;585,0;571,2;0,0;13,0;11,8;11,0;13,2;17,3;17,3;23,8;28,8;37,2;40,5;38,5;47,3;42,2;47,0;50,3;68,2;91,5;84,4;75,0;90,9;79,5;0,0;5512;6020;6814;6879;7570;9465;12252;12908;15404;18574;19631;20965;20771;30843,2;31711,3;39367,0;49306,0;50607,0;50128,0;53500,0;57262,0;58648;179,8;145,1;162,2;192,5;188,8;214,6;363,6;305,7;224,6;269,1;284,4;462,2;266,8;363,8;448,1;645,1;860,6;869,7;824,2;823,3;792,9;0,0;18,7;16,9;16,0;19,3;24,5;24,0;32,5;38,0;47,8;49,7;46,7;57,9;46,5;60,7;61,8;89,1;131,5;118,2;104,2;128,0;110,3;0,0;3986;4333;4709;4561;5365;7010;9774;10759;13583;17150;18202;19035;21135;25268,8;27065,9;31617,0;35783,0;37787,0;38074,0;40284,0;43362,0;44999;130,0;104,4;112,1;127,6;133,8;159,0;290,0;254,8;198,1;248,5;263,7;419,6;271,5;298,1;382,5;518,1;624,6;649,4;626,0;619,9;600,4;0,0;13,5;12,1;11,1;12,8;17,4;17,8;25,9;31,6;42,2;45,9;43,3;52,6;47,3;49,7;52,8;71,5;95,4;88,3;79,2;96,4;83,5;0,0;2019;2311;2529;2693;3082;3985;6179;7194;8903;11599;12781;13341;15294;17481,4;19886,2;22673,0;24606,0;26025,0;26065,0;27268,0;31944,0;32299;65,9;55,7;60,2;75,3;76,9;90,4;183,4;170,4;129,8;168,1;185,2;294,1;196,4;206,2;281,0;371,6;429,5;447,2;428,6;419,6;442,3;0,0;6,8;6,5;6,0;7,6;10,0;10,1;16,4;21,2;27,6;31,0;30,4;36,9;34,2;34,4;38,8;51,3;65,6;60,8;54,2;65,2;61,5;0,0;
1200000;"MAŁOPOLSKIE";6651;7069;7720;7163;7269;8451;8644;9270;12709;14151;16248;16535;18550;19199,6;22458,5;26655,7;29916,2;30403,0;30857,0;31942,0;34808,0;37142;172,7;155,3;166,3;164,1;161,7;171,1;210,0;203,8;180,9;196,9;226,1;281,3;211,8;219,5;257,2;337,9;420,5;451,0;436,5;428,7;422,0;0,0;21,2;19,4;18,3;19,0;22,0;21,2;21,3;24,9;34,4;33,9;34,6;40,6;39,2;35,6;41,0;51,1;62,2;65,5;59,6;64,8;61,2;0,0;8374;8903;9675;8921;9228;10381;10663;11283;14896;15571;18137;18780;20449;22501,4;26336,3;33423,0;35792,0;37841,0;37962,0;37997,0;40670,0;44819;217,4;195,6;208,5;204,4;205,2;210,2;259,1;248,0;212,0;216,7;252,4;319,5;233,4;257,2;301,6;423,7;503,0;561,4;537,0;510,0;493,0;0,0;26,7;24,4;23,0;23,7;27,9;26,1;26,3;30,2;40,4;37,3;38,7;46,1;43,2;41,7;48,1;64,0;74,4;81,6;73,3;77,1;71,5;0,0;7500;7924;8648;7966;7820;8811;8463;9261;13133;14238;16070;16497;18602;17816,5;21695,4;24979,0;28550,0;27711,0;28552,0;29409,0;32482,0;33417;194,7;174,1;186,3;182,5;173,9;178,4;205,6;203,6;186,9;198,1;223,6;280,6;212,3;203,7;248,5;316,7;401,3;411,1;403,9;394,7;393,8;0,0;23,9;21,7;20,5;21,1;23,6;22,1;20,9;24,8;35,6;34,1;34,3;40,5;39,3;33,1;39,6;47,9;59,4;59,7;55,1;59,7;57,1;0,0;4078;4381;4836;4603;4759;6162;6479;6912;8878;11527;13644;13735;13992;14530,3;16954,5;19253,0;23104,0;21010,0;22540,0;21963,0;27274,0;26929;105,9;96,2;104,2;105,5;105,8;124,8;157,4;152,0;126,4;160,4;189,8;233,7;159,7;166,1;194,2;244,1;324,7;311,7;318,9;294,8;330,6;0,0;13,0;12,0;11,5;12,2;14,4;15,5;16,0;18,5;24,1;27,6;29,1;33,7;29,6;27,0;30,9;36,9;48,0;45,3;43,5;44,5;47,9;0,0;
1400000;"MAZOWIECKIE";4345;4917;5524;5517;6717;7805;9557;10551;13299;17654;18280;19441;22168;25080,5;28301,2;31201,7;36262,1;36821,0;39179,0;40034,0;40953,0;44466;139,5;118,6;136,8;160,7;169,2;181,8;325,5;280,5;206,8;265,9;275,3;473,1;298,8;340,6;442,9;558,2;675,6;668,1;635,5;615,9;602,9;0,0;14,9;13,7;12,9;15,3;21,7;19,5;25,2;28,8;39,2;45,4;40,9;51,7;47,1;47,0;53,2;62,4;83,2;79,2;77,7;86,1;69,6;0,0;6741;7475;8410;8640;9966;11154;13672;14624;18834;24397;24492;26610;29903;34732,6;36906,5;43309,0;51821,0;55959,0;55355,0;57508,0;61424,0;62779;216,5;180,3;208,3;251,6;251,0;259,9;465,7;388,8;292,9;367,4;368,9;647,6;403,1;471,7;577,6;774,8;965,5;1015,4;897,9;884,7;904,2;0,0;23,2;20,8;19,7;23,9;32,3;27,9;36,0;39,8;55,6;62,7;54,8;70,8;63,5;65,0;69,4;86,6;118,9;120,3;109,8;123,7;104,5;0,0;4153;4808;5424;5062;6422;7611;10376;11379;14425;18298;19243;19903;22969;25514,3;29063,6;32883,0;37859,0;38220,0;39993,0;41565,0;43080,0;45981;133,4;115,9;134,4;147,4;161,7;177,3;353,4;302,6;224,3;275,6;289,8;484,4;309,6;346,5;454,8;588,2;705,4;693,5;648,7;639,5;634,2;0,0;14,3;13,4;12,7;14,0;20,8;19,0;27,3;31,0;42,6;47,0;43,0;52,9;48,8;47,8;54,6;65,8;86,8;82,2;79,4;89,4;73,3;0,0;2141;2467;2738;2848;3763;4650;6442;7649;9616;13902;13996;15547;17756;18583,7;21541,5;22173,0;26240,0;26534,0;29743,0;30716,0;30139,0;33974;68,8;59,5;67,8;82,9;94,8;108,3;219,4;203,4;149,5;209,4;210,8;378,4;239,4;252,4;337,1;396,7;488,9;481,5;482,4;472,6;443,7;0,0;7,4;6,9;6,4;7,9;12,2;11,6;17,0;20,8;28,4;35,7;31,3;41,3;37,7;34,8;40,5;44,3;60,2;57,1;59,0;66,1;51,3;0,0;
1600000;"OPOLSKIE";5813;6209;6372;5603;5454;6262;7100;7779;10625;14065;17160;18346;21068;30254,0;31282,7;40918,6;47337,1;46468,0;46682,0;48115,0;48280,0;48928;179,3;158,5;156,6;149,9;139,0;142,4;148,6;138,1;0,0;0,0;248,1;275,2;244,4;324,2;438,6;663,0;760,3;615,0;0,0;0,0;0,0;0,0;19,4;17,3;15,0;15,5;17,2;15,7;0,0;0,0;0,0;0,0;0,0;0,0;0,0;0,0;0,0;0,0;0,0;0,0;0,0;0,0;0,0;0,0;7874;8218;8196;7250;7425;8393;9405;9929;14095;17990;23048;24790;29235;40099,7;39959,2;57096,0;66365,0;65204,0;67012,0;68276,0;66938,0;68434;242,9;209,8;201,4;194,0;189,2;190,9;196,8;176,2;0,0;0,0;333,2;371,8;339,2;429,7;560,2;925,1;1065,9;862,9;0,0;0,0;0,0;0,0;26,3;23,0;19,3;20,1;23,4;21,0;0,0;0,0;0,0;0,0;0,0;0,0;0,0;0,0;0,0;0,0;0,0;0,0;0,0;0,0;0,0;0,0;5955;6534;6872;5821;5477;6332;7388;8198;10752;14829;16733;18501;20472;28069,2;30403,6;38019,0;43454,0;43192,0;43514,0;44685,0;44578,0;46260;183,7;166,8;168,9;155,8;139,6;144,0;154,6;145,5;0,0;0,0;241,9;277,5;237,5;300,8;426,2;616,0;697,9;571,6;0,0;0,0;0,0;0,0;19,9;18,3;16,2;16,1;17,3;15,8;0,0;0,0;0,0;0,0;0,0;0,0;0,0;0,0;0,0;0,0;0,0;0,0;0,0;0,0;0,0;0,0;3609;3876;4049;3738;3461;4061;5054;5568;7501;10361;12730;12957;16248;19882,6;21288,6;25865,0;28634,0;28205,0;29829,0;30665,0;32608,0;31713;111,3;99,0;99,5;100,0;88,2;92,4;105,8;98,8;0,0;0,0;184,0;194,3;188,5;213,0;298,5;419,1;459,9;373,3;0,0;0,0;0,0;0,0;12,1;10,8;9,5;10,4;10,9;10,2;0,0;0,0;0,0;0,0;0,0;0,0;0,0;0,0;0,0;0,0;0,0;0,0;0,0;0,0;0,0;0,0;
1800000;"PODKARPACKIE";3119;3431;3883;3818;4249;4522;4318;4581;6456;8294;10798;11749;11019;14206,2;16458,8;19699,4;21573,2;23222,0;24185,0;24759,0;27835,0;29355;91,6;85,1;92,4;99,6;108,0;102,0;125,9;121,4;104,1;124,3;161,9;225,4;129,7;177,9;217,6;281,8;361,8;387,9;350,3;337,7;354,3;0,0;10,1;9,3;9,1;10,1;13,1;11,0;11,0;12,9;16,8;21,0;26,3;0,0;0,0;0,0;28,2;39,4;0,0;44,9;0,0;0,0;0,0;0,0;4592;4981;5552;5475;5873;5915;5344;5571;7678;9537;12578;14298;12974;16465,9;18873,3;22907,0;26193,0;28567,0;30010,0;31391,0;35383,0;38320;134,8;123,5;132,1;142,8;149,2;133,4;155,8;147,6;123,8;143,0;188,5;274,3;152,7;206,2;249,5;327,7;439,3;477,2;434,7;428,2;450,3;0,0;14,9;13,5;13,0;14,5;18,1;14,4;13,6;15,7;19,9;24,1;30,7;0,0;0,0;0,0;32,4;45,8;0,0;55,3;0,0;0,0;0,0;0,0;3071;3439;3934;3896;4297;4559;4354;4508;6419;8294;10585;11285;10910;13712,6;16324,7;20008,0;21562,0;22877,0;23830,0;23532,0;26620,0;27587;90,2;85,3;93,6;101,6;109,2;102,8;127,0;119,4;103,5;124,3;158,7;216,5;128,4;171,7;215,8;286,2;361,6;382,1;345,2;321,0;338,8;0,0;10,0;9,3;9,2;10,3;13,2;11,1;11,0;12,7;16,7;21,0;25,8;0,0;0,0;0,0;28,0;40,0;0,0;44,2;0,0;0,0;0,0;0,0;1693;1874;2163;2083;2577;3093;2951;3560;5019;7073;9154;9501;8880;11176,3;13892,8;16094,0;16478,0;17395,0;17072,0;17618,0;19920,0;20955;49,7;46,5;51,5;54,3;65,5;69,8;86,1;94,3;80,9;106,0;137,2;182,3;104,5;139,9;183,7;230,2;276,3;290,5;247,3;240,3;253,5;0,0;5,5;5,1;5,1;5,5;7,9;7,5;7,5;10,0;13,0;17,9;22,3;0,0;0,0;0,0;23,8;32,2;0,0;33,6;0,0;0,0;0,0;0,0;
2000000;"PODLASKIE";4032;4494;4796;5078;5575;6697;9410;10948;13969;17105;18034;20633;21544;25555,2;26077,6;30059,2;34145,0;37197,0;37643,0;41784,0;45390,0;48090;127,3;106,8;116,8;145,2;141,9;157,8;329,4;303,9;225,6;273,8;288,7;495,6;285,9;338,1;405,6;549,4;663,3;703,2;649,0;670,5;639,5;0,0;13,8;12,3;11,0;13,7;17,6;16,5;25,4;0,0;0,0;0,0;0,0;0,0;0,0;0,0;0,0;0,0;0,0;92,8;0,0;0,0;0,0;0,0;6309;6890;7288;7347;7986;9269;12943;15041;18900;20857;22840;23315;25897;31424,2;30456,4;38186,0;50544,0;52926,0;51860,0;60814,0;68913,0;65971;199,2;163,8;177,5;210,1;203,2;218,4;453,0;417,6;305,3;333,9;365,6;560,0;343,6;415,8;473,7;698,0;981,8;1000,5;894,1;975,8;970,9;0,0;21,5;18,9;16,8;19,9;25,3;22,8;35,0;0,0;0,0;0,0;0,0;0,0;0,0;0,0;0,0;0,0;0,0;132,0;0,0;0,0;0,0;0,0;3842;4354;4672;5083;5475;6840;10509;12053;15244;18701;19420;22764;23520;28020,6;28544,0;31912,0;36265,0;39355,0;40433,0;45719,0;51052,0;53582;121,3;103,5;113,8;145,4;139,3;161,2;367,8;334,6;246,2;299,4;310,9;546,8;312,1;370,7;443,9;583,3;704,4;744,0;697,1;733,6;719,2;0,0;13,1;12,0;10,7;13,7;17,3;16,8;28,4;0,0;0,0;0,0;0,0;0,0;0,0;0,0;0,0;0,0;0,0;98,1;0,0;0,0;0,0;0,0;1945;2237;2428;2805;3265;3983;6948;8631;11190;14164;15137;17580;18006;20979,2;20600,6;24537,0;27082,0;28769,0;30726,0;34023,0;34142,0;37719;61,4;53,2;59,1;80,2;83,1;93,9;243,2;239,6;180,7;226,7;242,3;422,3;238,9;277,6;320,4;448,5;526,1;543,8;529,8;545,9;481,0;0,0;6,6;6,1;5,6;7,6;10,3;9,8;18,8;0,0;0,0;0,0;0,0;0,0;0,0;0,0;0,0;0,0;0,0;71,7;0,0;0,0;0,0;0,0;
2200000;"POMORSKIE";3157;3533;4120;4854;5488;6906;9137;9618;14610;18083;22060;21111;23953;25563,8;27891,1;32516,9;38984,2;38909,0;39539,0;39709,0;41668,0;43454;98,9;86,5;96,3;127,2;135,6;155,7;220,6;204,4;216,8;256,5;313,0;305,7;268,4;261,0;348,9;507,8;711,7;746,4;723,9;668,6;328,9;0,0;10,7;9,9;9,6;13,4;17,6;17,2;24,7;0,0;0,0;0,0;46,0;0,0;0,0;0,0;0,0;0,0;0,0;0,0;0,0;0,0;0,0;0,0;3900;4412;5176;5995;6833;8923;11376;13028;18967;21937;24334;22651;29860;32096,4;34718,1;42475,0;58652,0;55507,0;59626,0;60079,0;58231,0;63744;122,2;108,1;121,0;157,1;168,8;201,1;274,7;276,8;281,4;311,2;345,2;328,0;334,6;327,7;434,3;663,3;1070,7;1064,8;1091,7;1011,6;459,7;0,0;13,3;12,4;12,1;16,6;22,0;22,2;30,7;0,0;0,0;0,0;50,7;0,0;0,0;0,0;0,0;0,0;0,0;0,0;0,0;0,0;0,0;0,0;3118;3437;3993;4798;5803;7280;9376;9836;14706;18174;22354;20938;23485;25970,5;28013,2;32946,0;39094,0;39042,0;38971,0;40592,0;42826,0;44333;97,7;84,2;93,4;125,7;143,4;164,1;226,4;209,0;218,2;257,8;317,1;303,2;263,2;265,2;350,4;514,5;713,7;748,9;713,5;683,5;338,1;0,0;10,6;9,7;9,4;13,3;18,7;18,1;25,3;0,0;0,0;0,0;46,6;0,0;0,0;0,0;0,0;0,0;0,0;0,0;0,0;0,0;0,0;0,0;2452;2751;3191;3769;3828;4515;7317;7681;12386;15765;20538;20538;21543;20692,7;22299,1;26638,0;30070,0;31855,0;31834,0;32058,0;34448,0;37383;76,8;67,4;74,6;98,8;94,6;101,8;176,7;163,2;183,8;223,6;291,4;297,4;241,4;211,3;278,9;416,0;548,9;611,1;582,8;539,8;272,0;0,0;8,3;7,7;7,5;10,4;12,3;11,2;19,8;0,0;0,0;0,0;42,8;0,0;0,0;0,0;0,0;0,0;0,0;0,0;0,0;0,0;0,0;0,0;
2400000;"ŚLĄSKIE";3828;4343;5007;5264;7273;8416;8224;9031;12597;15069;18667;20942;22864;25480,8;25157,4;31621,2;33108,8;33151,0;35780,0;35679,0;39468,0;39328;105,6;98,9;111,9;128,1;169,2;174,9;175,0;171,3;176,2;194,0;240,3;343,2;256,4;277,6;285,8;414,2;479,9;459,0;483,9;461,1;487,3;0,0;12,5;12,2;12,2;14,2;22,3;21,0;21,6;23,7;0,0;0,0;0,0;0,0;0,0;0,0;0,0;0,0;0,0;0,0;0,0;0,0;0,0;0,0;5328;5984;6861;7079;9758;10603;10870;12341;16523;20838;25198;28003;28878;33900,4;32228,8;45100,0;47553,0;51550,0;53023,0;55133,0;57301,0;57302;147,0;136,3;153,3;172,2;227,0;220,3;231,4;234,0;231,1;268,3;324,4;459,0;323,9;369,3;366,2;590,8;689,3;713,8;717,1;712,5;707,5;0,0;17,4;16,8;16,7;19,1;29,9;26,5;28,5;32,4;0,0;0,0;0,0;0,0;0,0;0,0;0,0;0,0;0,0;0,0;0,0;0,0;0,0;0,0;4057;4639;5394;5692;7231;8786;8468;9213;12194;14690;19205;20767;23240;25510,5;25242,1;32686,0;35031,0;33658,0;38115,0;36110,0;40976,0;40404;111,9;105,7;120,5;138,5;168,2;182,6;180,2;174,7;170,6;189,1;247,2;340,4;260,7;277,9;286,8;428,2;507,8;466,0;515,5;466,7;505,9;0,0;13,3;13,0;13,1;15,3;22,2;22,0;22,2;24,2;0,0;0,0;0,0;0,0;0,0;0,0;0,0;0,0;0,0;0,0;0,0;0,0;0,0;0,0;2100;2408;2766;3021;4829;5858;6147;6825;10154;11292;12090;16347;16999;18558,1;18561,2;20147,0;21946,0;22594,0;22666,0;22246,0;22383,0;27743;57,9;54,9;61,8;73,5;112,3;121,7;130,9;129,4;142,0;145,4;155,6;267,9;190,7;202,2;210,9;263,9;318,1;312,8;306,5;287,5;276,4;0,0;6,9;6,7;6,7;8,1;14,8;14,6;16,1;17,9;0,0;0,0;0,0;0,0;0,0;0,0;0,0;0,0;0,0;0,0;0,0;0,0;0,0;0,0;
2600000;"ŚWIĘTOKRZYSKIE";4792;5190;5674;4879;5406;5950;6062;6305;7435;8786;9647;9385;11063;16874,4;19381,8;22408,9;24980,8;26283,0;27931,0;28286,0;30777,0;32472;147,4;127,4;138,3;131,8;137,1;136,9;193,1;158,9;117,0;136,2;149,6;204,1;151,6;225,3;273,7;354,1;453,9;484,7;478,5;464,5;463,7;0,0;16,3;14,5;13,4;13,5;17,4;14,9;16,0;18,0;21,6;21,6;20,5;25,0;23,8;31,0;36,4;45,6;50,8;54,1;50,7;49,5;49,7;0,0;6779;7315;8029;7044;7459;8233;8689;8718;10066;11726;13039;12629;14925;21946,8;24650,6;28950,0;33607,0;34912,0;36946,0;35885,0;38790,0;40878;208,5;179,6;195,7;190,3;189,2;189,4;276,8;219,7;158,4;181,8;202,2;274,7;204,6;293,0;348,1;457,4;610,6;643,8;633,0;589,3;584,5;0,0;23,1;20,5;19,0;19,5;24,1;20,6;22,9;24,9;29,3;28,8;27,7;33,7;32,2;40,3;46,2;59,0;68,3;71,8;67,1;62,8;62,7;0,0;4913;5287;5745;4852;5668;5815;5819;6323;7288;8938;9591;9477;10938;15250,4;18309,0;21378,0;23045,0;23668,0;24953,0;25524,0;27638,0;29672;151,1;129,8;140,1;131,1;143,8;133,8;185,4;159,4;114,7;138,6;148,7;206,1;149,9;203,6;258,5;337,8;418,7;436,4;427,5;419,2;416,4;0,0;16,7;14,8;13,6;13,4;18,3;14,6;15,3;18,1;21,2;22,0;20,4;25,3;23,6;28,0;34,4;43,5;46,8;48,7;45,3;44,7;44,6;0,0;2685;2967;3248;2740;3090;3801;3699;4201;5069;6146;6802;6679;7641;10543,5;13738,0;14753,0;16122,0;17066,0;17379,0;19184,0;18297,0;20049;82,6;72,8;79,2;74,0;78,4;87,5;117,8;105,9;79,7;95,3;105,5;145,3;104,7;140,7;194,0;233,1;292,9;314,7;297,7;315,1;275,7;0,0;9,1;8,3;7,7;7,6;10,0;9,5;9,7;12,0;14,7;15,1;14,4;17,8;16,5;19,4;25,8;30,0;32,8;35,1;31,5;33,6;29,6;0,0;
2800000;"WARMIŃSKO-MAZURSKIE";2978;3240;3485;3291;3499;4691;5737;6870;9023;13228;13588;14621;15015;20906,9;21871,1;29453,5;36958,7;38962,0;41444,0;43740,0;43510,0;46244;93,3;79,9;84,3;88,7;90,1;111,3;211,2;188,0;163,3;230,1;236,4;343,0;266,6;250,4;318,0;466,1;523,8;604,6;0,0;546,8;572,5;0,0;9,8;8,9;8,1;8,7;10,7;11,5;14,2;18,6;22,8;28,5;32,3;38,4;32,8;37,1;41,3;58,9;69,5;87,0;0,0;0,0;0,0;0,0;4375;4575;4893;4385;4636;6167;7575;8963;10616;14982;15061;15576;17103;24871,8;26555,6;35840,0;45459,0;45021,0;50325,0;50293,0;49422,0;56986;137,1;112,9;118,3;118,2;119,4;146,4;278,9;245,2;192,1;260,6;262,0;365,4;303,6;297,9;386,1;567,2;644,3;698,6;0,0;628,7;650,3;0,0;14,4;12,6;11,4;11,6;14,2;15,2;18,8;24,2;26,9;32,3;35,8;40,9;37,3;44,1;50,1;71,7;85,4;100,5;0,0;0,0;0,0;0,0;2959;3268;3528;3461;3747;5003;6159;7194;9664;14049;14635;15483;16112;21378,0;22606,0;30504,0;38020,0;42030,0;43279,0;45968,0;45189,0;48096;92,7;80,6;85,3;93,3;96,5;118,8;226,8;196,8;174,9;244,4;254,6;363,2;286,0;256,0;328,7;482,7;538,8;652,2;0,0;574,6;594,6;0,0;9,8;9,0;8,2;9,2;11,5;12,3;15,2;19,4;24,5;30,3;34,8;40,6;35,2;37,9;42,7;61,0;71,5;93,8;0,0;0,0;0,0;0,0;1601;1876;2035;2028;2114;2904;4667;5839;7568;11367;11547;13169;13001;18018,4;18574,0;24762,0;31263,0;30746,0;33036,0;37197,0;38486,0;37597;50,2;46,3;49,2;54,7;54,4;68,9;171,8;159,7;136,9;197,7;200,8;308,9;230,8;215,8;270,0;391,9;443,1;477,1;0,0;465,0;506,4;0,0;5,3;5,2;4,7;5,4;6,5;7,1;11,6;15,8;19,2;24,5;27,4;34,6;28,4;31,9;35,0;49,5;58,8;68,6;0,0;0,0;0,0;0,0;
3000000;"WIELKOPOLSKIE";5237;5776;6287;6276;7457;8568;13107;15785;20011;24535;27424;28577;30580;34877,8;36838,4;43389,2;52052,6;54007,0;56721,0;60932,0;62435,0;63405;167,5;138,9;145,6;168,4;178,8;187,0;366,2;366,6;288,6;327,1;365,6;602,0;378,6;380,1;461,5;638,2;885,5;920,7;888,1;869,6;772,9;0,0;17,9;16,2;14,8;17,7;24,0;21,4;33,3;45,4;0,0;0,0;0,0;0,0;0,0;0,0;0,0;0,0;0,0;0,0;0,0;0,0;0,0;0,0;7288;8085;8708;9105;10530;11904;18250;22092;27228;33889;36075;35942;38900;43313,4;44439,9;54988,0;67562,0;68780,0;71724,0;77788,0;81945,0;83257;233,1;194,5;201,7;244,4;252,5;259,9;509,9;513,1;392,7;451,8;480,9;757,2;481,7;472,1;556,7;808,8;1149,4;1172,5;1123,0;1110,1;1014,4;0,0;24,9;22,7;20,5;25,7;33,9;29,7;46,3;63,5;0,0;0,0;0,0;0,0;0,0;0,0;0,0;0,0;0,0;0,0;0,0;0,0;0,0;0,0;5514;6013;6609;6034;7529;8479;13733;16926;21021;26106;29707;31368;32922;35667,8;38285,5;44782,0;53831,0;56240,0;59036,0;63498,0;65237,0;66132;176,3;144,6;153,1;161,9;180,5;185,1;383,7;393,1;303,2;348,0;396,0;660,8;407,7;388,7;479,6;658,7;915,8;958,7;924,3;906,2;807,6;0,0;18,8;16,9;15,6;17,0;24,2;21,1;34,9;48,6;0,0;0,0;0,0;0,0;0,0;0,0;0,0;0,0;0,0;0,0;0,0;0,0;0,0;0,0;2908;3230;3544;3689;4311;5321;8759;10629;14370;17879;20337;21765;23885;26248,8;28327,9;31251,0;35834,0;37311,0;41137,0;42432,0;44889,0;45667;93,0;77,7;82,1;99,0;103,4;116,2;244,7;246,8;207,3;238,3;271,1;458,5;295,7;286,1;354,9;459,6;609,6;636,1;644,1;605,6;555,7;0,0;9,9;9,1;8,4;10,4;13,9;13,3;22,2;30,5;0,0;0,0;0,0;0,0;0,0;0,0;0,0;0,0;0,0;0,0;0,0;0,0;0,0;0,0;
3200000;"ZACHODNIOPOMORSKIE";2830;3235;3780;3658;4073;4901;5057;6310;8471;10082;11992;13295;15162;16915,3;20173,0;23567,6;27278,7;27859,0;28693,0;28143,0;29005,0;28891;96,1;82,3;91,9;100,2;104,3;112,1;168,0;166,8;160,9;158,7;188,8;269,7;219,8;205,3;235,4;323,2;374,8;412,9;0,0;0,0;318,4;0,0;9,3;9,0;8,9;10,0;12,6;12,0;14,2;20,6;27,5;30,2;38,1;43,3;46,5;0,0;0,0;0,0;0,0;0,0;0,0;0,0;0,0;0,0;3789;4386;5142;4761;5017;6435;6741;8035;10290;11787;13656;15161;17251;21137,5;22419,1;28571,0;35706,0;33931,0;37205,0;34373,0;35056,0;36888;128,7;111,6;125,0;130,4;128,5;147,2;223,9;212,5;195,4;185,6;215,0;307,6;250,1;256,5;261,6;391,9;490,6;502,9;0,0;0,0;384,8;0,0;12,5;12,3;12,2;13,0;15,5;15,8;18,9;26,3;33,4;35,3;43,4;49,4;52,9;0,0;0,0;0,0;0,0;0,0;0,0;0,0;0,0;0,0;2700;3070;3564;3663;4294;5070;5296;6612;8725;10659;12686;14034;15587;16901,9;20767,4;24377,0;27829,0;28746,0;28686,0;28582,0;29267,0;29347;91,7;78,1;86,6;100,3;110,0;116,0;176,0;174,8;165,7;167,8;199,8;284,7;226,0;205,1;242,4;334,3;382,4;426,1;0,0;0,0;321,2;0,0;8,9;8,6;8,4;10,0;13,3;12,5;14,8;21,6;28,3;31,9;40,3;45,7;47,8;0,0;0,0;0,0;0,0;0,0;0,0;0,0;0,0;0,0;2002;2249;2635;2551;2909;3197;3584;4919;6854;8200;10008;11108;12576;14485,1;17613,2;19376,0;22368,0;22025,0;22235,0;23102,0;22115,0;20791;68,0;57,2;64,0;69,9;74,5;73,1;119,1;130,1;130,2;129,1;157,6;225,4;182,3;175,8;205,5;265,8;307,3;326,4;0,0;0,0;242,7;0,0;6,6;6,3;6,2;7,0;9,0;7,9;10,0;16,1;22,3;24,6;31,8;36,2;38,6;0,0;0,0;0,0;0,0;0,0;0,0;0,0;0,0;0,0;
